Size,Sequential Score,Parallel Score,Threads,Match
100,-31,-31,1,true
100,-31,-31,2,true
100,-31,-31,4,true
100,-31,-31,8,true
500,-81,-81,1,true
500,-81,-81,2,true
500,-81,-81,4,true
500,-81,-81,8,true
1000,-129,-129,1,true
1000,-129,-129,2,true
1000,-129,-129,4,true
1000,-129,-129,8,true
2000,-244,-244,1,true
2000,-244,-244,2,true
2000,-244,-244,4,true
2000,-244,-244,8,true
5000,2500,2500,1,true
5000,2500,2500,2,true
5000,2500,2500,4,true
5000,2500,2500,8,true
10000,7500,7500,1,true
10000,7500,7500,2,true
10000,7500,7500,4,true
10000,7500,7500,8,true
