size,threads,seq_ms,par_ms,speedup,efficiency
100,1,0.022,0.067,0.330,0.330
100,2,0.022,0.598,0.037,0.019
100,4,0.022,1.955,0.011,0.003
100,8,0.022,6.096,0.004,0.000
500,1,0.716,1.014,0.707,0.707
500,2,0.716,4.901,0.146,0.073
500,4,0.716,7.240,0.099,0.025
500,8,0.716,18.214,0.039,0.005
1000,1,2.524,2.882,0.876,0.876
1000,2,2.524,5.054,0.499,0.250
1000,4,2.524,13.751,0.184,0.046
1000,8,2.524,30.577,0.083,0.010
2000,1,10.379,15.629,0.664,0.664
2000,2,10.379,16.987,0.611,0.306
2000,4,10.379,36.676,0.283,0.071
2000,8,10.379,72.112,0.144,0.018
5000,1,64.008,78.137,0.819,0.819
5000,2,64.008,77.934,0.821,0.411
5000,4,64.008,120.026,0.533,0.133
5000,8,64.008,189.372,0.338,0.042
10000,1,257.340,330.676,0.778,0.778
10000,2,257.340,319.995,0.804,0.402
10000,4,257.340,399.834,0.644,0.161
10000,8,257.340,483.027,0.533,0.067
